<?xml version="1.0" encoding="UTF-8"?><module>
   <id>CMM_Import_Alfresco</id>
   <auto-deploy>true</auto-deploy>
   <configurations>
      
      <!-- Document Library config section -->
      <config condition="DocumentLibrary" evaluator="string-compare" replace="false">
         <aspects>
            <visible>
               <aspect label="Package" name="ialf:package"/>
            </visible>
         </aspects>
      </config>

      <!-- Form configuration section - type -->
      
      <!-- Form configuration section - aspect -->
      <config condition="ialf:package" evaluator="aspect">
         <forms>
            <form>
               <field-visibility>
                  <show id="ialf:packageid"/>
               </field-visibility>
               <appearance>
                  <set appearance="whitespace" id="ialf:package_cmm_set0"/>
                  <field id="ialf:packageid" set="ialf:package_cmm_set0">
                  </field>
               </appearance>
            </form>
         </forms>
      </config>
      
      <!-- Entity form designer configuration -->
      <config condition="FormDefinition" evaluator="string-compare">
         <form-definition id="package">[{"elementconfig":{"label":"","appearance":"title"},"pseudonym":"cmm/editor/layout/1cols","label":"cmm.form-editor.palette.one-column","column":[{"pseudonym":"cmm/editor/property/text","id":"ialf:packageid","elementconfig":{"infoname":"packageid","infolabel":"Package Document ID","infotype":"d:text"},"label":"Package Document ID [packageid]","type":["property"]}],"type":"{type}"}]</form-definition>
      </config>

   </configurations>
</module>
